{"items":[{"item":{"m_Name":"조약돌","m_Image":{"instanceID":17080},"m_ImageName":"조약돌","m_Count":100,"m_Durability":100,"m_Tag":"Tool","m_Code":18},"none":false},{"item":{"m_Name":"참나무 판자","m_Image":{"instanceID":16772},"m_ImageName":"참나무 판자","m_Count":100,"m_Durability":100,"m_Tag":"Tool","m_Code":17},"none":false},{"item":{"m_Name":"막대기","m_Image":{"instanceID":17464},"m_ImageName":"Item_Sprite_56","m_Count":100,"m_Durability":100,"m_Tag":"Tool","m_Code":1},"none":false},{"item":{"m_Name":"실","m_Image":{"instanceID":17380},"m_ImageName":"Item_Sprite_9","m_Count":100,"m_Durability":100,"m_Tag":"Tool","m_Code":2},"none":false},{"item":{"m_Name":"당근","m_Image":{"instanceID":16682},"m_ImageName":"당근","m_Count":100,"m_Durability":100,"m_Tag":"Tool","m_Code":4},"none":false},{"item":{"m_Name":"종이","m_Image":{"instanceID":17474},"m_ImageName":"Item_Sprite_61","m_Count":100,"m_Durability":100,"m_Tag":"Tool","m_Code":9},"none":false},{"item":{"m_Name":"레드스톤가루","m_Image":{"instanceID":17470},"m_ImageName":"Item_Sprite_59","m_Count":100,"m_Durability":100,"m_Tag":"Tool","m_Code":7},"none":false},{"item":{"m_Name":"철괴","m_Image":{"instanceID":17448},"m_ImageName":"Item_Sprite_43","m_Count":100,"m_Durability":100,"m_Tag":"Tool","m_Code":6},"none":false},{"item":{"m_Name":"금괴","m_Image":{"instanceID":17438},"m_ImageName":"Item_Sprite_38","m_Count":100,"m_Durability":100,"m_Tag":"Tool","m_Code":19},"none":false},{"item":{"m_Name":"다이아몬드","m_Image":{"instanceID":17468},"m_ImageName":"Item_Sprite_58","m_Count":100,"m_Durability":100,"m_Tag":"Tool","m_Code":20},"none":false},{"item":{"m_Name":"","m_Image":{"instanceID":0},"m_ImageName":"","m_Count":0,"m_Durability":0,"m_Tag":"","m_Code":0},"none":true},{"item":{"m_Name":"","m_Image":{"instanceID":0},"m_ImageName":"","m_Count":0,"m_Durability":0,"m_Tag":"","m_Code":0},"none":true},{"item":{"m_Name":"","m_Image":{"instanceID":0},"m_ImageName":"","m_Count":0,"m_Durability":0,"m_Tag":"","m_Code":0},"none":true},{"item":{"m_Name":"","m_Image":{"instanceID":0},"m_ImageName":"","m_Count":0,"m_Durability":0,"m_Tag":"","m_Code":0},"none":true},{"item":{"m_Name":"","m_Image":{"instanceID":0},"m_ImageName":"","m_Count":0,"m_Durability":0,"m_Tag":"","m_Code":0},"none":true},{"item":{"m_Name":"","m_Image":{"instanceID":0},"m_ImageName":"","m_Count":0,"m_Durability":0,"m_Tag":"","m_Code":0},"none":true},{"item":{"m_Name":"","m_Image":{"instanceID":0},"m_ImageName":"","m_Count":0,"m_Durability":0,"m_Tag":"","m_Code":0},"none":true},{"item":{"m_Name":"","m_Image":{"instanceID":0},"m_ImageName":"","m_Count":0,"m_Durability":0,"m_Tag":"","m_Code":0},"none":true},{"item":{"m_Name":"","m_Image":{"instanceID":0},"m_ImageName":"","m_Count":0,"m_Durability":0,"m_Tag":"","m_Code":0},"none":true},{"item":{"m_Name":"","m_Image":{"instanceID":0},"m_ImageName":"","m_Count":0,"m_Durability":0,"m_Tag":"","m_Code":0},"none":true},{"item":{"m_Name":"","m_Image":{"instanceID":0},"m_ImageName":"","m_Count":0,"m_Durability":0,"m_Tag":"","m_Code":0},"none":true},{"item":{"m_Name":"","m_Image":{"instanceID":0},"m_ImageName":"","m_Count":0,"m_Durability":0,"m_Tag":"","m_Code":0},"none":true},{"item":{"m_Name":"","m_Image":{"instanceID":0},"m_ImageName":"","m_Count":0,"m_Durability":0,"m_Tag":"","m_Code":0},"none":true},{"item":{"m_Name":"","m_Image":{"instanceID":0},"m_ImageName":"","m_Count":0,"m_Durability":0,"m_Tag":"","m_Code":0},"none":true},{"item":{"m_Name":"","m_Image":{"instanceID":0},"m_ImageName":"","m_Count":0,"m_Durability":0,"m_Tag":"","m_Code":0},"none":true},{"item":{"m_Name":"","m_Image":{"instanceID":0},"m_ImageName":"","m_Count":0,"m_Durability":0,"m_Tag":"","m_Code":0},"none":true},{"item":{"m_Name":"","m_Image":{"instanceID":0},"m_ImageName":"","m_Count":0,"m_Durability":0,"m_Tag":"","m_Code":0},"none":true}]}