﻿이름,0,1,2,3,4,5,6,7,8,개수
낚싯대,,,막대기,,막대기,실,막대기,,실,1
당근낚싯대,,,,,낚싯대,,,,당근,1
나침반,,철괴,,철괴,레드스톤가루,철괴,,철괴,,1
빈지도,종이,종이,종이,종이,종이,종이,종이,종이,종이,1
빈지도,종이,종이,종이,종이,나침반,종이,종이,종이,종이,1
나무 도끼,참나무 판자,참나무 판자,,참나무 판자,막대기,,,막대기,,1
돌 도끼,조약돌,조약돌,,조약돌,막대기,,,막대기,,1
철 도끼,철괴,철괴,,철괴,막대기,,,막대기,,1
다이아몬드 도끼,다이아몬드,다이아몬드,,다이아몬드,막대기,,,막대기,,1
황금 도끼,금괴,금괴,,금괴,막대기,,,막대기,,1
막대기,,,,,참나무 판자,,,참나무 판자,,4
