﻿name,image,count,duraility,tag,code
막대기,Item_Sprite_56,0,100,Tool,1
실,Item_Sprite_9,0,100,Tool,2
낚싯대,Item_Sprite_71,0,100,Tool,3
당근,당근,0,100,Tool,4
당근낚싯대,당근 낚싯대,0,100,Tool,5
철괴,Item_Sprite_43,0,100,Tool,6
레드스톤가루,Item_Sprite_59,0,100,Tool,7
나침반,나침반,0,100,Tool,8
종이,Item_Sprite_61,0,100,Tool,9
빈지도,빈 지도,0,100,Tool,10
지도,지도,0,100,Tool,11
나무 도끼,Item_Sprite_112,0,60,Wenpon,12
돌 도끼,Item_Sprite_113,0,132,Wenpon,13
철 도끼,Item_Sprite_114,0,251,Wenpon,14
다이아몬드 도끼,Item_Sprite_115,0,1562,Wenpon,15
황금 도끼,Item_Sprite_116,0,33,Wenpon,16
참나무 판자,참나무 판자,0,100,Tool,17
조약돌,조약돌,0,100,Tool,18
금괴,Item_Sprite_38,0,100,Tool,19
다이아몬드,Item_Sprite_58,0,100,Tool,20
