{"items":[{"item":{"m_Name":"조약돌","m_Image":{"m_FileID":1386,"m_PathID":0},"m_ImageName":"조약돌","m_Count":79,"m_Durability":100,"m_Tag":"Tool"},"none":false},{"item":{"m_Name":"참나무 판자","m_Image":{"m_FileID":1394,"m_PathID":0},"m_ImageName":"참나무 판자","m_Count":100,"m_Durability":100,"m_Tag":"Tool"},"none":false},{"item":{"m_Name":"막대기","m_Image":{"m_FileID":1180,"m_PathID":0},"m_ImageName":"Item_Sprite_56","m_Count":53,"m_Durability":100,"m_Tag":"Tool"},"none":false},{"item":{"m_Name":"실","m_Image":{"m_FileID":1096,"m_PathID":0},"m_ImageName":"Item_Sprite_9","m_Count":78,"m_Durability":100,"m_Tag":"Tool"},"none":false},{"item":{"m_Name":"당근","m_Image":{"m_FileID":1374,"m_PathID":0},"m_ImageName":"당근","m_Count":93,"m_Durability":100,"m_Tag":"Tool"},"none":false},{"item":{"m_Name":"종이","m_Image":{"m_FileID":1190,"m_PathID":0},"m_ImageName":"Item_Sprite_61","m_Count":100,"m_Durability":100,"m_Tag":"Tool"},"none":false},{"item":{"m_Name":"레드스톤가루","m_Image":{"m_FileID":1186,"m_PathID":0},"m_ImageName":"Item_Sprite_59","m_Count":100,"m_Durability":100,"m_Tag":"Tool"},"none":false},{"item":{"m_Name":"철괴","m_Image":{"m_FileID":1164,"m_PathID":0},"m_ImageName":"Item_Sprite_43","m_Count":100,"m_Durability":100,"m_Tag":"Tool"},"none":false},{"item":{"m_Name":"금괴","m_Image":{"m_FileID":1154,"m_PathID":0},"m_ImageName":"Item_Sprite_38","m_Count":100,"m_Durability":100,"m_Tag":"Tool"},"none":false},{"item":{"m_Name":"다이아몬드","m_Image":{"m_FileID":1184,"m_PathID":0},"m_ImageName":"Item_Sprite_58","m_Count":100,"m_Durability":100,"m_Tag":"Tool"},"none":false},{"item":{"m_Name":"돌 도끼","m_Image":{"m_FileID":1292,"m_PathID":0},"m_ImageName":"Item_Sprite_113","m_Count":7,"m_Durability":132,"m_Tag":"Wenpon"},"none":false},{"item":{"m_Name":"","m_Image":{"m_FileID":0,"m_PathID":0},"m_ImageName":"","m_Count":0,"m_Durability":0,"m_Tag":""},"none":true},{"item":{"m_Name":"낚싯대","m_Image":{"m_FileID":1208,"m_PathID":0},"m_ImageName":"Item_Sprite_71","m_Count":4,"m_Durability":100,"m_Tag":"Tool"},"none":false},{"item":{"m_Name":"","m_Image":{"m_FileID":0,"m_PathID":0},"m_ImageName":"","m_Count":0,"m_Durability":0,"m_Tag":""},"none":true},{"item":{"m_Name":"당근낚싯대","m_Image":{"m_FileID":1378,"m_PathID":0},"m_ImageName":"당근 낚싯대","m_Count":7,"m_Durability":100,"m_Tag":"Tool"},"none":false},{"item":{"m_Name":"","m_Image":{"m_FileID":0,"m_PathID":0},"m_ImageName":"","m_Count":0,"m_Durability":0,"m_Tag":""},"none":true},{"item":{"m_Name":"","m_Image":{"m_FileID":0,"m_PathID":0},"m_ImageName":"","m_Count":0,"m_Durability":0,"m_Tag":""},"none":true},{"item":{"m_Name":"","m_Image":{"m_FileID":0,"m_PathID":0},"m_ImageName":"","m_Count":0,"m_Durability":0,"m_Tag":""},"none":true},{"item":{"m_Name":"","m_Image":{"m_FileID":0,"m_PathID":0},"m_ImageName":"","m_Count":0,"m_Durability":0,"m_Tag":""},"none":true},{"item":{"m_Name":"","m_Image":{"m_FileID":0,"m_PathID":0},"m_ImageName":"","m_Count":0,"m_Durability":0,"m_Tag":""},"none":true},{"item":{"m_Name":"","m_Image":{"m_FileID":0,"m_PathID":0},"m_ImageName":"","m_Count":0,"m_Durability":0,"m_Tag":""},"none":true},{"item":{"m_Name":"","m_Image":{"m_FileID":0,"m_PathID":0},"m_ImageName":"","m_Count":0,"m_Durability":0,"m_Tag":""},"none":true},{"item":{"m_Name":"","m_Image":{"m_FileID":0,"m_PathID":0},"m_ImageName":"","m_Count":0,"m_Durability":0,"m_Tag":""},"none":true},{"item":{"m_Name":"","m_Image":{"m_FileID":0,"m_PathID":0},"m_ImageName":"","m_Count":0,"m_Durability":0,"m_Tag":""},"none":true},{"item":{"m_Name":"","m_Image":{"m_FileID":0,"m_PathID":0},"m_ImageName":"","m_Count":0,"m_Durability":0,"m_Tag":""},"none":true},{"item":{"m_Name":"","m_Image":{"m_FileID":0,"m_PathID":0},"m_ImageName":"","m_Count":0,"m_Durability":0,"m_Tag":""},"none":true},{"item":{"m_Name":"","m_Image":{"m_FileID":0,"m_PathID":0},"m_ImageName":"","m_Count":0,"m_Durability":0,"m_Tag":""},"none":true}]}